qe_ingaas_m25,qe_ingaas_m25_wl,qe_ingaas_m90,qe_ingaas_m90_wl,qe_ingaas_p25,qe_ingaas_p25_wl
0.10731807,603.3808,0.12439122,603.3808,0.11829367,610.14136
0.1097571,605.07092,0.12439122,605.07092,0.11829367,611.83148
0.1097571,606.76111,0.12439122,606.76111,0.11951318,613.52161
0.1097571,608.45123,0.12439122,608.45123,0.11951318,615.21179
0.11219612,610.14136,0.12439122,610.14136,0.11951318,616.90192
0.11219612,611.83148,0.12439122,611.83148,,618.5921
0.11463514,613.52161,0.12561074,613.52161,0.11463513,620.28217
0.11463514,615.21179,0.12683025,615.21179,0.11463514,621.97235
0.11707415,616.90192,0.13048877,616.90192,0.11463514,623.66248
0.11707415,618.5921,0.12804975,618.5921,0.11463514,625.3526
0.11707415,620.28217,0.13658632,620.28217,0.11463514,627.04279
0.11951318,621.97235,0.13658632,621.97235,0.11707415,628.73291
0.11951318,623.66248,0.13658632,623.66248,0.11707415,630.4231
0.11951318,625.3526,0.13658632,625.3526,0.11585465,632.11316
0.11951318,627.04279,0.13658632,627.04279,0.11585465,633.80328
,628.73291,0.13658632,628.73291,0.11707415,635.49347
,630.4231,,630.4231,0.11707415,637.18359
0.1219522,632.11316,0.1341473,632.11316,0.11463514,638.87378
0.1219522,633.80328,0.1341473,633.80328,0.11463514,640.5639
0.12073269,635.49347,0.1341473,635.49347,0.11463514,642.25397
0.12804975,637.18359,0.1341473,637.18359,0.11463514,643.94415
0.12683025,638.87378,0.1341473,638.87378,0.11585465,645.63428
0.12926926,640.5639,0.13658632,640.5639,0.11707415,647.32446
0.12926926,642.25397,0.13658632,642.25397,0.11707415,649.01459
0.13170828,643.94415,0.13780583,643.94415,0.11707415,650.70471
0.13170828,645.63428,,645.63428,0.11707415,652.39484
,647.32446,0.13902535,647.32446,0.11829367,654.08496
,649.01459,0.14146435,649.01459,0.11951318,655.77515
0.1341473,650.70471,0.14146435,650.70471,0.11951318,657.46527
0.1341473,652.39484,0.14390337,652.39484,0.12073269,659.15546
0.1341473,654.08496,0.14390337,654.08496,0.1219522,660.84558
0.1341473,655.77515,,655.77515,0.1219522,662.53571
0.1341473,657.46527,0.14756191,657.46527,0.12317171,664.22583
0.1341473,659.15546,0.1463424,659.15546,0.12439122,665.91595
0.1341473,660.84558,0.14878142,660.84558,0.12561074,667.60614
0.1341473,662.53571,0.14878142,662.53571,0.12683025,669.29626
0.1341473,664.22583,0.15122044,664.22583,0.12926926,670.98639
0.1341473,665.91595,0.15000093,665.91595,0.13048877,672.67657
0.14024484,667.60614,,667.60614,0.13170828,674.36664
0.14268386,669.29626,0.15243995,669.29626,0.1341473,676.05682
0.14268386,670.98639,0.15365946,670.98639,0.1341473,677.74695
0.14390337,672.67657,0.15609848,672.67657,0.13536681,679.43707
0.1463424,674.36664,0.15609848,674.36664,0.13658632,681.12726
0.1463424,676.05682,0.157318,676.05682,0.13658632,682.81738
0.1463424,677.74695,0.15609848,677.74695,0.13658632,684.50757
0.14268386,679.43707,0.15853751,679.43707,0.13780583,686.19763
0.14390337,681.12726,0.15975702,681.12726,0.13902533,687.88782
0.14268386,682.81738,0.15975702,682.81738,0.13902533,689.57794
0.14268386,684.50757,0.15975702,684.50757,0.13902533,691.26807
0.14390337,686.19763,0.15975702,686.19763,0.13902533,692.95825
0.14512289,687.88782,0.16097653,687.88782,0.13902533,694.64838
0.1463424,689.57794,0.16097653,689.57794,0.13902533,696.3385
0.14756191,691.26807,0.16097653,691.26807,0.14146435,698.02863
,692.95825,0.16219603,692.95825,0.14146435,699.71875
0.14878142,694.64838,0.16585457,694.64838,0.14390337,701.40894
0.14878142,696.3385,0.16829357,696.3385,0.14390337,703.09906
0.15122044,698.02863,0.17073259,698.02863,0.14878142,704.78925
0.15122044,699.71875,0.17195211,699.71875,0.14878142,706.47931
0.15365946,701.40894,0.17195211,701.40894,0.15000093,708.16943
0.15243995,703.09906,0.17317161,703.09906,0.15122044,709.85962
,704.78925,0.17317161,704.78925,0.15122044,711.54974
0.157318,706.47931,0.17683016,706.47931,0.15243995,713.23993
0.15609848,708.16943,,708.16943,0.15243995,714.93005
0.15853751,709.85962,,709.85962,0.15243995,716.62018
0.15853751,711.54974,,711.54974,0.15243995,718.3103
0.15975702,713.23993,0.18414722,713.23993,0.15243995,720.00043
,714.93005,0.18780574,714.93005,0.15122044,721.69061
0.16097653,716.62018,0.19024475,716.62018,0.15000093,723.38074
0.16341555,718.3103,0.1939033,718.3103,0.14878142,725.07092
0.16341555,720.00043,0.19634232,720.00043,0.15122044,726.76105
0.16585457,721.69061,0.19756182,721.69061,0.15243995,728.45111
0.16585457,723.38074,,723.38074,0.15487897,730.1413
0.16829357,725.07092,0.20365936,725.07092,0.157318,731.83142
0.16829357,726.76105,0.20243986,726.76105,0.15853751,733.52161
0.16829357,728.45111,0.20487888,728.45111,0.15853751,735.21173
0.16951309,730.1413,0.20487888,730.1413,0.15975702,736.90186
0.16829357,731.83142,0.2073179,731.83142,0.16097653,738.59204
0.17317161,733.52161,0.20609838,733.52161,0.16097653,740.2821
,735.21173,,735.21173,0.16097653,741.97229
0.17317161,736.90186,0.21219593,736.90186,0.16097653,743.66241
0.17317161,738.59204,0.21341544,738.59204,0.16097653,745.35254
0.17439114,740.2821,0.21585447,740.2821,0.16097653,747.04272
0.17683016,741.97229,0.21829349,741.97229,0.16341555,748.73285
0.18048868,743.66241,0.22073251,743.66241,0.16585457,750.42297
0.1829277,745.35254,0.22561054,745.35254,0.16707407,752.1131
0.18414721,747.04272,0.22683007,747.04272,0.16951309,753.80322
0.18414721,748.73285,0.23048858,748.73285,0.17073259,755.49341
0.18536672,750.42297,0.23414713,750.42297,0.17195211,757.18353
0.18536672,752.1131,0.23902516,752.1131,0.17317161,758.87372
0.18902525,753.80322,0.24268369,753.80322,0.17439114,760.56378
0.19024475,755.49341,0.2439032,755.49341,0.17561063,762.25397
,757.18353,0.24634223,757.18353,0.17561063,763.94409
,758.87372,0.25122026,758.87372,0.17804965,765.63422
0.19756182,760.56378,0.25365928,760.56378,0.17804965,767.3244
0.20000084,762.25397,0.25731781,762.25397,0.17926916,769.01453
0.20243986,763.94409,0.26097634,763.94409,0.18048868,770.70471
0.20609838,765.63422,0.26463488,765.63422,0.1829277,772.39478
0.21097642,767.3244,0.26951289,767.3244,0.1829277,774.0849
0.21341544,769.01453,0.27439094,769.01453,0.1829277,775.77509
0.21219593,770.70471,0.2780495,770.70471,0.1829277,777.46521
0.21341544,772.39478,0.281708,772.39478,0.1829277,779.1554
,774.0849,0.28536654,774.0849,0.18536672,780.84552
0.21707398,775.77509,0.28536654,775.77509,0.18536672,782.53558
0.219513,777.46521,0.28536654,777.46521,0.18780574,784.22577
0.219513,779.1554,0.29024458,779.1554,0.19024475,785.91589
0.22195202,780.84552,0.2926836,780.84552,0.19268377,787.60608
0.22195202,782.53558,0.29512262,782.53558,0.19512279,789.2962
0.22439104,784.22577,0.29756165,784.22577,0.19512279,790.98639
0.22561054,785.91589,0.29756165,785.91589,0.19756182,792.67651
0.22683007,787.60608,0.29756165,787.60608,0.20000084,794.36658
0.22926909,789.2962,0.30487868,789.2962,0.20243986,796.05676
0.22683007,790.98639,0.30609822,790.98639,0.20609838,797.74689
0.23414713,792.67651,0.31097627,792.67651,0.2073179,799.43707
0.24146418,794.36658,0.31585428,794.36658,0.21219593,801.1272
0.24268369,796.05676,0.31585428,796.05676,0.21585447,802.81732
0.2439032,797.74689,0.33292744,797.74689,0.21707398,804.50745
0.2439032,799.43707,0.33536643,799.43707,0.219513,806.19757
0.25731781,801.1272,0.34878105,801.1272,0.22195202,807.88776
0.25853732,802.81732,0.3512201,802.81732,0.22439104,809.57788
0.26463488,804.50745,0.3548786,804.50745,0.22439104,811.26801
0.26951289,806.19757,0.35853714,806.19757,0.22683007,812.95819
0.27073243,807.88776,0.36097613,807.88776,0.22804956,814.64825
0.27439094,809.57788,0.36219567,809.57788,0.22926909,816.33844
0.27926898,811.26801,0.36341518,811.26801,0.23170811,818.02856
0.28292751,812.95819,0.37195176,812.95819,0.23414713,819.71869
0.28292751,814.64825,0.37317127,814.64825,0.23658614,821.40887
0.29146409,816.33844,0.37561026,816.33844,0.23658614,823.099
0.29512262,818.02856,0.38536635,818.02856,0.23902516,824.78918
0.29634213,819.71869,0.38414684,819.71869,0.24146418,826.47925
0.30000067,821.40887,0.38658589,821.40887,0.24146418,828.16943
0.30243966,823.099,0.40853706,823.099,0.2439032,829.85956
0.30609822,824.78918,0.42195168,824.78918,0.24756172,831.54968
0.30975673,826.47925,0.42195168,826.47925,0.25243977,833.23987
0.31463477,828.16943,0.47073209,828.16943,0.2560983,834.92999
0.31707379,829.85956,0.47317109,829.85956,0.26219586,836.62012
0.3182933,831.54968,0.50243932,831.54968,0.26585439,838.31024
0.32195184,833.23987,0.50609785,833.23987,0.27073243,840.00037
0.32317135,834.92999,0.51951241,834.92999,0.27439094,841.69055
0.32682988,836.62012,0.55365872,836.62012,0.2780495,843.38068
0.3292689,838.31024,0.55609775,838.31024,0.281708,845.07086
0.33048838,840.00037,0.55731726,840.00037,0.28780556,846.76099
0.33902496,841.69055,0.57073188,841.69055,0.29390311,848.45105
0.34146401,843.38068,0.5731709,843.38068,0.29634213,850.14124
0.34878105,845.07086,0.60243917,845.07086,0.30000067,851.83136
0.35975665,846.76099,0.61463428,846.76099,0.30243966,853.52155
0.36585417,848.45105,0.63170737,848.45105,0.3036592,855.21167
0.37317127,850.14124,0.63170737,850.14124,0.30853724,856.90179
0.37317127,851.83136,0.6353659,851.83136,0.31219575,858.59192
0.38170785,853.52155,0.65365851,853.52155,0.31707379,860.28204
0.38536635,855.21167,0.65487808,855.21167,0.32073236,861.97223
0.38658589,856.90179,0.6682927,856.90179,0.32317135,863.66235
0.39024439,858.59192,0.6682927,858.59192,0.32682988,865.35254
0.39146394,860.28204,0.68048775,860.28204,0.3292689,867.04266
0.40000048,861.97223,0.68292677,861.97223,0.33170792,868.73273
0.4024395,863.66235,0.68780488,863.66235,0.33414695,870.42291
0.40975654,865.35254,0.69756091,865.35254,0.33658597,872.11304
0.41097605,867.04266,0.69878042,867.04266,0.33902496,873.80322
0.41463459,868.73273,0.70609748,868.73273,0.34146401,875.49335
0.43658578,870.42291,0.70609748,870.42291,0.34512252,877.18347
0.44024429,872.11304,0.70975602,872.11304,0.34878105,878.87366
0.45365891,873.80322,0.70975602,873.80322,0.35853714,880.56372
0.49756128,875.49335,0.71219504,875.49335,0.36829323,882.25391
0.50853688,877.18347,0.71219504,877.18347,0.37804931,883.94403
0.51951241,878.87366,0.71463412,878.87366,0.38780537,885.63416
0.53902459,880.56372,0.71463412,880.56372,0.39024439,887.32434
0.55731726,882.25391,0.71463412,882.25391,0.39512244,889.01447
0.55731726,883.94403,0.71707308,883.94403,0.39756146,890.70459
0.55731726,885.63416,0.71707308,885.63416,0.40000048,892.39471
0.5951221,887.32434,0.7195121,887.32434,0.4024395,894.0849
0.59878057,889.01447,0.72073156,889.01447,0.40609801,895.77502
0.61585379,890.70459,0.72195113,890.70459,0.40853706,897.46515
0.64268297,892.39471,0.72195113,892.39471,0.41219559,899.15533
0.65853661,894.0849,0.72317064,894.0849,0.41707364,900.84546
0.66097564,895.77502,0.72439009,895.77502,0.42195168,902.53558
0.67926824,897.46515,0.72439009,897.46515,0.43780529,904.22571
0.69878042,899.15533,0.72560966,899.15533,0.44390285,905.91583
0.69999993,900.84546,0.72682917,900.84546,0.47561008,907.60602
0.69999993,902.53558,0.72682917,902.53558,0.48536617,909.29614
0.71341455,904.22571,,904.22571,0.5000003,910.98633
0.71463412,905.91583,,905.91583,0.53292704,912.67639
0.71463412,907.60602,,907.60602,0.55000025,914.36652
0.71829259,909.29614,0.72682917,909.29614,0.56463432,916.0567
0.73658526,910.98633,0.72926819,910.98633,0.5731709,917.74683
0.73780471,912.67639,0.73048764,912.67639,0.59390259,919.43701
0.73658526,914.36652,0.73170722,914.36652,0.59878057,921.12714
0.7524389,916.0567,0.73170722,916.0567,0.62560982,922.81726
0.75853646,917.74683,0.73170722,917.74683,0.63170737,924.50739
0.76219499,919.43701,,919.43701,0.6573171,926.19751
0.76341444,921.12714,,921.12714,0.66585368,927.8877
0.76585352,922.81726,0.73536575,922.81726,0.68780488,929.57782
0.76585352,924.50739,0.73658526,924.50739,0.6963414,931.26801
,926.19751,0.73658526,926.19751,0.70487803,932.95813
0.76829255,927.8877,0.73780471,927.8877,0.71341455,934.64819
0.76829249,929.57782,0.73780471,929.57782,0.72195113,936.33838
0.76829249,931.26801,,931.26801,0.72804868,938.0285
0.769512,932.95813,,932.95813,0.73170722,939.71869
0.76829249,934.64819,0.74024373,934.64819,0.74634135,941.40881
0.77073151,936.33838,0.73902428,936.33838,0.74878037,943.09894
0.77073151,938.0285,0.73902428,938.0285,0.75487787,944.78906
0.77317053,939.71869,0.73902428,939.71869,0.76341444,946.47919
0.77317053,941.40881,0.73902428,941.40881,0.76585352,948.16937
0.77439004,943.09894,,943.09894,0.769512,949.8595
0.77560961,944.78906,0.73780477,944.78906,0.78414613,951.54962
0.77560961,946.47919,0.73902428,946.47919,0.7804876,953.23981
0.77560961,948.16937,0.74024373,948.16937,0.79390222,954.92993
0.77560961,949.8595,0.74024373,949.8595,0.79756075,956.62006
,951.54962,0.7414633,951.54962,0.7987802,958.31018
,953.23981,,953.23981,0.79999977,960.00037
,954.92993,,954.92993,0.80121922,961.69049
0.78170717,956.62006,,956.62006,0.8024388,963.38062
0.7804876,958.31018,,958.31018,0.80365831,965.0708
0.78292662,960.00037,,960.00037,0.80487776,966.76086
0.78292662,961.69049,,961.69049,0.80609733,968.45105
0.7853657,963.38062,0.7414633,963.38062,0.80731684,970.14117
0.78414613,965.0708,0.7414633,965.0708,0.80731684,971.8313
,966.76086,0.7414633,966.76086,0.80975586,973.52148
,968.45105,0.7414633,968.45105,0.80975586,975.21161
,970.14117,0.7414633,970.14117,0.81097531,976.90179
0.79146314,971.8313,0.74390227,971.8313,0.81219482,978.59186
0.79024369,973.52148,0.74390227,973.52148,0.81341439,980.28198
0.79024369,975.21161,0.74390227,975.21161,0.81463385,981.97217
0.79268271,976.90179,0.74634135,976.90179,0.81463385,983.66229
0.79268271,978.59186,0.74634135,978.59186,0.81585342,985.35248
0.79268271,980.28198,0.74634135,980.28198,0.81707293,987.0426
0.79146314,981.97217,0.74634135,981.97217,0.81707293,988.73267
0.79268271,983.66229,0.74634135,983.66229,0.81829238,990.42285
0.79390222,985.35248,0.74634135,985.35248,0.81951195,992.11298
0.79390222,987.0426,0.74634135,987.0426,0.81951195,993.80316
0.79512167,988.73267,0.74634135,988.73267,0.8207314,995.49329
,990.42285,0.74634135,990.42285,0.82195091,997.18347
,992.11298,,992.11298,0.82317048,998.87354
,993.80316,0.74512184,993.80316,0.82438993,1000.5637
0.79512167,995.49329,0.74634135,995.49329,0.82560945,1002.2539
0.79512167,997.18347,0.74634135,997.18347,0.82682902,1003.944
0.79512167,998.87354,0.7475608,998.87354,0.82804847,1005.6341
0.79512167,1000.5637,0.7475608,1000.5637,0.82804847,1007.3242
0.79512167,1002.2539,,1002.2539,0.82926804,1009.0143
0.79512167,1003.944,,1003.944,0.82926804,1010.7045
,1005.6341,0.74999982,1005.6341,0.831707,1012.3947
,1007.3242,0.74878037,1007.3242,0.83292657,1014.0848
,1009.0143,0.74878037,1009.0143,0.83292657,1015.775
,1010.7045,0.74878037,1010.7045,0.83292657,1017.4651
0.79512167,1012.3947,0.74878037,1012.3947,0.83292657,1019.1553
0.79512167,1014.0848,0.74878037,1014.0848,0.83292657,1020.8454
0.79512167,1015.775,,1015.775,0.83414602,1022.5356
0.79512167,1017.4651,,1017.4651,0.83414602,1024.2257
0.79512167,1019.1553,,1019.1553,0.83414602,1025.9158
0.79512167,1020.8454,,1020.8454,0.83536553,1027.6058
0.79756075,1022.5356,,1022.5356,0.83536553,1029.296
0.79634124,1024.2257,0.7524389,1024.2257,0.8365851,1030.9862
0.79756075,1025.9158,0.7524389,1025.9158,0.8365851,1032.6764
0.79756075,1027.6058,0.7524389,1027.6058,0.8365851,1034.3665
0.79756075,1029.296,0.75365835,1029.296,0.83780456,1036.0566
,1030.9862,0.75365835,1030.9862,0.83780456,1037.7468
0.79756075,1032.6764,,1032.6764,0.83902407,1039.4369
0.79756075,1034.3665,,1034.3665,0.83902407,1041.1271
0.79756075,1036.0566,,1036.0566,0.83902407,1042.8173
0.79756075,1037.7468,,1037.7468,0.83902407,1044.5073
0.79756075,1039.4369,0.75609744,1039.4369,0.83902407,1046.1975
0.79756075,1041.1271,0.75609744,1041.1271,0.83902407,1047.8876
0.79756075,1042.8173,0.75609744,1042.8173,0.83902407,1049.5778
0.79756075,1044.5073,0.75365835,1044.5073,0.83902407,1051.2678
0.79756075,1046.1975,0.75365835,1046.1975,0.83902407,1052.958
0.79756075,1047.8876,,1047.8876,0.83902407,1054.6482
0.79756075,1049.5778,,1049.5778,0.83902407,1056.3383
,1051.2678,0.75121933,1051.2678,0.83902407,1058.0284
,1052.958,0.75121933,1052.958,0.84024358,1059.7186
,1054.6482,0.75121933,1054.6482,0.84146309,1061.4088
0.80121922,1056.3383,0.75121933,1056.3383,0.84268266,1063.0989
0.8024388,1058.0284,0.75121933,1058.0284,0.84268266,1064.7891
0.8024388,1059.7186,0.75121933,1059.7186,0.84268266,1066.4792
0.80365831,1061.4088,,1061.4088,0.84146309,1068.1693
0.80365831,1063.0989,,1063.0989,0.84146309,1069.8594
,1064.7891,,1064.7891,0.84268266,1071.5496
,1066.4792,,1066.4792,0.84268266,1073.2396
,1068.1693,,1068.1693,0.84268266,1074.9298
0.80609733,1069.8594,0.75121933,1069.8594,0.84268266,1076.62
0.80487776,1071.5496,0.7524389,1071.5496,0.84146309,1078.3102
0.80609733,1073.2396,0.7524389,1073.2396,0.84268266,1080.0002
0.80731684,1074.9298,0.75365835,1074.9298,0.84268266,1081.6904
0.80487776,1076.62,0.75365835,1076.62,0.84268266,1083.3806
0.80731684,1078.3102,,1078.3102,0.84268266,1085.0707
0.80731684,1080.0002,,1080.0002,0.84268266,1086.7609
,1081.6904,,1081.6904,0.84268266,1088.451
,1083.3806,,1083.3806,0.84268266,1090.1412
,1085.0707,,1085.0707,0.84268266,1091.8312
0.81219482,1086.7609,,1086.7609,0.84146309,1093.5214
0.81219482,1088.451,,1088.451,0.84268266,1095.2115
0.81219482,1090.1412,0.7585364,1090.1412,0.84390211,1096.9016
0.81219482,1091.8312,0.75853646,1091.8312,0.84390211,1098.5918
0.81219482,1093.5214,0.75853646,1093.5214,0.84512162,1100.282
0.81219482,1095.2115,0.75853646,1095.2115,0.84512162,1101.972
,1096.9016,0.75853646,1096.9016,0.84634119,1103.6622
,1098.5918,0.75853646,1098.5918,0.84634119,1105.3524
,1100.282,,1100.282,0.84756064,1107.0426
0.80731684,1101.972,,1101.972,0.84756064,1108.7327
0.80731684,1103.6622,,1103.6622,0.84878016,1110.4229
0.80731684,1105.3524,,1105.3524,0.84878016,1112.113
0.80731684,1107.0426,,1107.0426,0.84999967,1113.803
0.80731684,1108.7327,0.75853646,1108.7327,0.85121918,1115.4932
0.80731684,1110.4229,0.75853646,1110.4229,0.85121918,1117.1833
,1112.113,0.75853646,1112.113,0.85243869,1118.8735
,1113.803,0.75853646,1113.803,0.8536582,1120.5636
,1115.4932,0.75853646,1115.4932,0.8536582,1122.2538
,1117.1833,0.75853646,1117.1833,0.85487771,1123.944
,1118.8735,,1118.8735,0.8536582,1125.634
0.80853629,1120.5636,,1120.5636,0.85243869,1127.3242
0.80853629,1122.2538,,1122.2538,0.85243869,1129.0144
0.80975586,1123.944,0.75853646,1123.944,0.85121918,1130.7045
0.80975586,1125.634,0.75853646,1125.634,0.85121918,1132.3947
0.81097531,1127.3242,0.75853646,1127.3242,0.84999967,1134.0847
,1129.0144,0.75853646,1129.0144,0.84999967,1135.7749
,1130.7045,0.75853646,1130.7045,0.84878016,1137.465
,1132.3947,0.75853646,1132.3947,0.84878016,1139.1552
,1134.0847,,1134.0847,0.84878016,1140.8453
,1135.7749,,1135.7749,0.84878016,1142.5354
,1137.465,,1137.465,0.84878016,1144.2256
,1139.1552,0.75609744,1139.1552,0.84878016,1145.9158
0.81585336,1140.8453,0.75609744,1140.8453,0.84878016,1147.606
0.81463385,1142.5354,0.75609744,1142.5354,0.84878016,1149.296
0.81463385,1144.2256,0.75487787,1144.2256,0.84878016,1150.9862
0.81463385,1145.9158,0.75487787,1145.9158,0.84878016,1152.6764
0.81463385,1147.606,0.7524389,1147.606,0.84878016,1154.3665
0.81463385,1149.296,0.7524389,1149.296,0.84878016,1156.0565
,1150.9862,0.75365835,1150.9862,0.84878016,1157.7467
,1152.6764,0.75365835,1152.6764,0.84999967,1159.4368
,1154.3665,0.75731689,1154.3665,0.84999967,1161.127
0.81463385,1156.0565,,1156.0565,0.84999967,1162.8171
0.81463385,1157.7467,0.75975591,1157.7467,0.85121918,1164.5073
0.81463385,1159.4368,0.75853646,1159.4368,0.85121918,1166.1974
0.81463385,1161.127,0.75853646,1161.127,0.85243869,1167.8876
0.81463385,1162.8171,0.75853646,1162.8171,0.85243869,1169.5778
0.81463385,1164.5073,0.75853646,1164.5073,0.85243869,1171.2678
,1166.1974,0.75853646,1166.1974,0.8536582,1172.958
,1167.8876,0.75731689,1167.8876,0.8536582,1174.6482
,1169.5778,0.75731689,1169.5778,0.85487771,1176.3383
0.81463385,1171.2678,0.75609744,1171.2678,0.85487771,1178.0283
0.81463385,1172.958,0.75487787,1172.958,0.85487771,1179.7185
0.81463385,1174.6482,0.75487787,1174.6482,0.85487771,1181.4087
0.81463385,1176.3383,,1176.3383,0.85487771,1183.0988
0.81463385,1178.0283,0.75487787,1178.0283,0.85487771,1184.7889
0.81463385,1179.7185,0.75365835,1179.7185,0.85487771,1186.4791
,1181.4087,0.75121933,1181.4087,0.85487771,1188.1692
,1183.0988,0.75121933,1183.0988,0.85487771,1189.8594
,1184.7889,0.75121933,1184.7889,0.85487771,1191.5496
,1186.4791,0.7524389,1186.4791,0.85487771,1193.2397
0.80853629,1188.1692,0.7524389,1188.1692,0.85487771,1194.9298
0.80975586,1189.8594,0.75365835,1189.8594,0.85487771,1196.62
0.80731684,1191.5496,0.75365835,1191.5496,0.85487771,1198.3102
0.80731684,1193.2397,0.75365835,1193.2397,0.85487771,1200.0001
0.80731684,1194.9298,0.75365835,1194.9298,0.85487771,1201.6903
0.80731684,1196.62,,1196.62,0.85487771,1203.3805
0.80731684,1198.3102,,1198.3102,0.85487771,1205.0706
0.80731684,1200.0001,0.7585364,1200.0001,0.85487771,1206.7607
0.80731684,1201.6903,0.75853646,1201.6903,0.85487771,1208.4509
0.80731684,1203.3805,0.75975591,1203.3805,0.85487771,1210.1411
,1205.0706,0.75975591,1205.0706,0.85487771,1211.8312
,1206.7607,0.76097542,1206.7607,0.85487771,1213.5214
0.81219482,1208.4509,0.76097542,1208.4509,0.85487771,1215.2115
0.81219482,1210.1411,,1210.1411,0.85487771,1216.9016
0.81219482,1211.8312,,1211.8312,0.85487771,1218.5918
0.81463385,1213.5214,0.76097542,1213.5214,0.85487771,1220.282
0.81463385,1215.2115,0.76097542,1215.2115,0.85487771,1221.972
0.81341439,1216.9016,0.76097542,1216.9016,0.85487771,1223.6621
0.81341439,1218.5918,0.76097542,1218.5918,0.8536582,1225.3523
0.81219482,1220.282,0.76097542,1220.282,0.85243869,1227.0425
0.81097531,1221.972,0.76097542,1221.972,0.85121918,1228.7325
0.81097531,1223.6621,,1223.6621,0.84999967,1230.4227
0.80853629,1225.3523,,1225.3523,0.84878016,1232.1129
0.80975586,1227.0425,,1227.0425,0.84878016,1233.803
0.80853629,1228.7325,,1228.7325,0.84999967,1235.4932
0.80731684,1230.4227,,1230.4227,0.85121918,1237.1833
0.80487776,1232.1129,,1232.1129,0.85121918,1238.8735
0.80731684,1233.803,0.76097542,1233.803,0.85243869,1240.5636
0.80487776,1235.4932,0.76097542,1235.4932,0.8536582,1242.2537
0.80487776,1237.1833,0.76097542,1237.1833,0.8536582,1243.9438
0.80609733,1238.8735,0.76097542,1238.8735,0.85487771,1245.6339
0.80975586,1240.5636,0.76097542,1240.5636,0.85487771,1247.3241
0.81097531,1242.2537,,1242.2537,0.85487771,1249.0143
,1243.9438,,1243.9438,0.85487771,1250.7045
,1245.6339,,1245.6339,0.85487771,1252.3945
,1247.3241,0.76097542,1247.3241,0.85487771,1254.0847
,1249.0143,0.76097542,1249.0143,0.85487771,1255.7749
0.81585336,1250.7045,0.76097542,1250.7045,0.85487771,1257.465
0.81463385,1252.3945,0.76097542,1252.3945,0.8536582,1259.1552
0.81463385,1254.0847,0.76097542,1254.0847,0.85243869,1260.8453
0.81463385,1255.7749,,1255.7749,0.85121918,1262.5354
0.81463385,1257.465,,1257.465,0.85121918,1264.2255
0.81463385,1259.1552,0.76097542,1259.1552,0.84999967,1265.9156
0.81463385,1260.8453,0.76097542,1260.8453,0.84878016,1267.6058
0.81463385,1262.5354,0.76097542,1262.5354,0.84878016,1269.2959
0.81463385,1264.2255,0.76097542,1264.2255,0.84878016,1270.9861
0.81463385,1265.9156,0.76097542,1265.9156,0.84878016,1272.6763
0.81463385,1267.6058,0.76097542,1267.6058,0.84999967,1274.3663
0.81463385,1269.2959,0.76097542,1269.2959,0.84999967,1276.0565
,1270.9861,0.76097542,1270.9861,0.85121918,1277.7467
,1272.6763,,1272.6763,0.85243869,1279.4368
,1274.3663,,1274.3663,0.85243869,1281.127
,1276.0565,,1276.0565,0.8536582,1282.8171
,1277.7467,,1277.7467,0.8536582,1284.5073
,1279.4368,0.76097542,1279.4368,0.85487771,1286.1973
0.81463385,1281.127,0.76097542,1281.127,0.85609716,1287.8875
0.81463385,1282.8171,0.76097542,1282.8171,0.85609716,1289.5776
0.81463385,1284.5073,0.76097542,1284.5073,0.85731673,1291.2677
0.81463385,1286.1973,0.76097542,1286.1973,0.85731673,1292.9579
0.81463385,1287.8875,0.76097542,1287.8875,0.85731673,1294.6481
0.81463385,1289.5776,,1289.5776,0.85731673,1296.3383
,1291.2677,,1291.2677,0.85853624,1298.0283
,1292.9579,,1292.9579,0.85731673,1299.7185
,1294.6481,0.76097542,1294.6481,0.85731673,1301.4087
0.81463385,1296.3383,0.76097542,1296.3383,0.85731673,1303.0988
0.81463385,1298.0283,0.76097542,1298.0283,0.85731673,1304.7889
0.81707293,1299.7185,0.76097542,1299.7185,0.85731673,1306.4791
0.81585342,1301.4087,0.76097542,1301.4087,0.85731673,1308.1691
0.81707293,1303.0988,0.76097542,1303.0988,0.85731673,1309.8593
0.81707293,1304.7889,,1304.7889,0.85731673,1311.5494
0.81707293,1306.4791,0.76097542,1306.4791,0.85731673,1313.2396
0.81707293,1308.1691,0.76097542,1308.1691,0.85731673,1314.9297
0.81463385,1309.8593,0.76097542,1309.8593,0.85731673,1316.6199
0.81585342,1311.5494,0.76097542,1311.5494,0.85853624,1318.3101
0.81463385,1313.2396,0.76097542,1313.2396,0.85731673,1320.0001
0.81463385,1314.9297,0.76097542,1314.9297,0.85731673,1321.6903
0.81463385,1316.6199,,1316.6199,0.85731673,1323.3805
0.81463385,1318.3101,,1318.3101,0.85731673,1325.0707
0.81463385,1320.0001,,1320.0001,0.85731673,1326.7607
0.81463385,1321.6903,0.76097542,1321.6903,0.85731673,1328.4509
,1323.3805,0.76097542,1323.3805,0.85731673,1330.141
,1325.0707,,1325.0707,0.85731673,1331.8311
0.81463385,1326.7607,0.75975591,1326.7607,0.85853624,1333.5212
0.81463385,1328.4509,0.75853646,1328.4509,0.85853624,1335.2114
0.81463385,1330.141,0.75853646,1330.141,0.85975575,1336.9015
0.81463385,1331.8311,0.75853646,1331.8311,0.86097527,1338.5917
0.81463385,1333.5212,0.75853646,1333.5212,0.86097527,1340.2819
0.81463385,1335.2114,0.75853646,1335.2114,0.86097527,1341.972
,1336.9015,0.75853646,1336.9015,0.86097527,1343.6621
,1338.5917,,1338.5917,0.86097527,1345.3523
,1340.2819,,1340.2819,0.86097527,1347.0425
0.81463385,1341.972,,1341.972,0.86097527,1348.7325
0.81463385,1343.6621,,1343.6621,0.85853624,1350.4226
0.81463385,1345.3523,0.75731695,1345.3523,0.85853624,1352.1128
0.81463385,1347.0425,0.75853646,1347.0425,0.85731673,1353.803
0.81463385,1348.7325,0.75975591,1348.7325,0.85731673,1355.493
0.81463385,1350.4226,0.75975591,1350.4226,0.85731673,1357.1832
,1352.1128,0.75975591,1352.1128,0.85731673,1358.8734
,1353.803,,1353.803,0.85731673,1360.5635
,1355.493,,1355.493,0.85731673,1362.2537
0.81463385,1357.1832,,1357.1832,0.85853624,1363.9438
0.81463385,1358.8734,,1358.8734,0.85731673,1365.6339
0.81463385,1360.5635,0.75975591,1360.5635,0.85731673,1367.3241
0.81463385,1362.2537,0.76097542,1362.2537,0.85731673,1369.0143
0.81463385,1363.9438,0.76097542,1363.9438,0.85731673,1370.7045
0.81463385,1365.6339,0.76097542,1365.6339,0.85731673,1372.3944
,1367.3241,0.76097542,1367.3241,0.85731673,1374.0846
,1369.0143,0.75975591,1369.0143,0.85731673,1375.7748
,1370.7045,0.75975591,1370.7045,0.85731673,1377.4648
0.81219482,1372.3944,0.75975591,1372.3944,0.85853624,1379.155
0.81219482,1374.0846,0.75853646,1374.0846,0.85731673,1380.8452
0.81219482,1375.7748,0.75731689,1375.7748,0.85731673,1382.5353
0.81219482,1377.4648,,1377.4648,0.85731673,1384.2255
0.81219482,1379.155,,1379.155,0.85731673,1385.9156
0.81219482,1380.8452,0.75731689,1380.8452,0.85731673,1387.6058
0.81219482,1382.5353,0.75609744,1382.5353,0.85731673,1389.2959
0.81219482,1384.2255,0.75365835,1384.2255,0.85731673,1390.9861
0.81219482,1385.9156,0.7524389,1385.9156,0.85731673,1392.6763
0.81219482,1387.6058,0.75121933,1387.6058,0.85853624,1394.3662
,1389.2959,,1389.2959,0.85731673,1396.0564
,1390.9861,,1390.9861,0.85731673,1397.7466
0.81463385,1392.6763,0.74878031,1392.6763,0.85731673,1399.4368
0.81463385,1394.3662,0.74878037,1394.3662,0.85853624,1401.1268
0.81463385,1396.0564,0.74878037,1396.0564,0.85731673,1402.817
0.81463385,1397.7466,0.74878037,1397.7466,0.85731673,1404.5072
0.81463385,1399.4368,0.74878037,1399.4368,0.85731673,1406.1973
0.81463385,1401.1268,0.74878037,1401.1268,0.85731673,1407.8875
,1402.817,,1402.817,0.85853624,1409.5776
,1404.5072,,1404.5072,0.85731673,1411.2677
,1406.1973,,1406.1973,0.85731673,1412.9579
0.81463385,1407.8875,,1407.8875,0.85609716,1414.6481
0.81463385,1409.5776,0.74878037,1409.5776,0.85487771,1416.3381
0.81463385,1411.2677,0.74878037,1411.2677,0.85487771,1418.0282
0.81463385,1412.9579,0.74878037,1412.9579,0.85487771,1419.7184
0.81463385,1414.6481,0.74878037,1414.6481,0.85487771,1421.4086
0.81463385,1416.3381,0.74878037,1416.3381,0.85487771,1423.0986
0.81463385,1418.0282,0.74878037,1418.0282,0.85487771,1424.7888
0.81463385,1419.7184,,1419.7184,0.85487771,1426.479
0.81463385,1421.4086,,1421.4086,0.85487771,1428.1692
,1423.0986,,1423.0986,0.85487771,1429.8593
0.81219482,1424.7888,,1424.7888,0.85487771,1431.5494
0.81219482,1426.479,0.74634135,1426.479,0.85609716,1433.2396
0.81219482,1428.1692,0.74634135,1428.1692,0.85609716,1434.9297
0.80975586,1429.8593,0.74634135,1429.8593,0.85731673,1436.6199
0.80975586,1431.5494,0.74634135,1431.5494,0.85731673,1438.3099
0.80731684,1433.2396,0.74634135,1433.2396,0.85731673,1440
0.80731684,1434.9297,,1434.9297,0.85731673,1441.6902
,1436.6199,,1436.6199,0.85853624,1443.3804
,1438.3099,0.7414633,1438.3099,0.85853624,1445.0706
,1440,0.7414633,1440,0.85731673,1446.7606
,1441.6902,0.74024373,1441.6902,0.85731673,1448.4508
0.80487776,1443.3804,0.74024373,1443.3804,0.85731673,1450.141
0.80487776,1445.0706,0.73902428,1445.0706,0.85731673,1451.8311
0.80487776,1446.7606,,1446.7606,0.85731673,1453.5212
0.80487776,1448.4508,,1448.4508,0.85853624,1455.2114
0.80487776,1450.141,0.73780477,1450.141,0.85731673,1456.9016
,1451.8311,0.73780471,1451.8311,0.85731673,1458.5917
,1453.5212,0.73780471,1453.5212,0.85731673,1460.2817
,1455.2114,0.73658526,1455.2114,0.85609716,1461.9719
,1456.9016,0.73536575,1456.9016,0.85609716,1463.662
0.80365831,1458.5917,0.73658526,1458.5917,0.8536582,1465.3522
0.80365831,1460.2817,0.73658526,1460.2817,0.85121918,1467.0424
0.80365831,1461.9719,0.73658526,1461.9719,0.85121918,1468.7324
0.8024388,1463.662,0.73658526,1463.662,0.84878016,1470.4226
0.80121922,1465.3522,0.73658526,1465.3522,0.84756064,1472.1128
,1467.0424,,1467.0424,0.84756064,1473.803
,1468.7324,,1468.7324,0.84756064,1475.493
,1470.4226,0.73536575,1470.4226,0.84634119,1477.1832
,1472.1128,0.73048764,1472.1128,0.84634119,1478.8734
0.80365831,1473.803,0.73170722,1473.803,0.84634119,1480.5634
0.8024388,1475.493,0.72926819,1475.493,0.84512162,1482.2535
0.8024388,1477.1832,0.72926819,1477.1832,0.84512162,1483.9437
0.8024388,1478.8734,0.72682917,1478.8734,0.84512162,1485.6338
0.8024388,1480.5634,0.72682917,1480.5634,0.84512162,1487.324
0.8024388,1482.2535,0.72439009,1482.2535,0.84512162,1489.0142
,1483.9437,0.72439009,1483.9437,0.84512162,1490.7043
,1485.6338,,1485.6338,0.84512162,1492.3944
,1487.324,0.72317064,1487.324,0.84512162,1494.0846
,1489.0142,0.72317064,1489.0142,0.84512162,1495.7748
0.79756081,1490.7043,0.7195121,1490.7043,0.84512162,1497.4648
0.79634124,1492.3944,0.71707308,1492.3944,0.84512162,1499.155
0.79512167,1494.0846,0.71707308,1494.0846,0.84390211,1500.8452
0.79390222,1495.7748,0.71707308,1495.7748,0.84390211,1502.5353
0.79268271,1497.4648,,1497.4648,0.84390211,1504.2253
0.79146314,1499.155,0.71585357,1499.155,0.84268266,1505.9155
0.79146314,1500.8452,0.71463412,1500.8452,0.84268266,1507.6057
0.79024369,1502.5353,0.71585357,1502.5353,0.84268266,1509.2958
0.78902417,1504.2253,,1504.2253,0.84146309,1510.986
,1505.9155,0.71097559,1505.9155,0.84268266,1512.6761
0.78902417,1507.6057,0.71219504,1507.6057,0.84268266,1514.3662
0.79024369,1509.2958,0.71219504,1509.2958,0.84268266,1516.0564
0.79024369,1510.986,0.71097547,1510.986,0.84268266,1517.7466
0.79024369,1512.6761,0.71097547,1512.6761,0.84146309,1519.4368
0.79024369,1514.3662,,1514.3662,0.84146309,1521.1268
0.79024369,1516.0564,,1516.0564,0.84024358,1522.817
0.78780466,1517.7466,0.70365846,1517.7466,0.83902407,1524.5071
0.78902417,1519.4368,0.70243895,1519.4368,0.83902407,1526.1971
0.7853657,1521.1268,0.7012195,1521.1268,0.83780456,1527.8873
0.78292662,1522.817,0.69999993,1522.817,0.8365851,1529.5775
0.78292662,1524.5071,0.69756091,1524.5071,0.83536553,1531.2677
0.7804876,1526.1971,0.69390237,1526.1971,0.83414602,1532.9578
0.7804876,1527.8873,0.69146341,1527.8873,0.83292657,1534.6479
0.77804857,1529.5775,0.68780488,1529.5775,0.83292657,1536.3381
0.77804857,1531.2677,0.68780488,1531.2677,0.83292657,1538.0282
0.77804857,1532.9578,0.68658531,1532.9578,0.83292657,1539.7184
,1534.6479,0.68048775,1534.6479,0.83292657,1541.4086
0.77682906,1536.3381,0.68048775,1536.3381,0.83292657,1543.0986
0.77317053,1538.0282,0.67682922,1538.0282,0.83292657,1544.7888
0.77073151,1539.7184,0.67439026,1539.7184,0.83292657,1546.4789
0.77073151,1541.4086,0.67195123,1541.4086,0.831707,1548.1691
0.769512,1543.0986,0.6682927,1543.0986,0.831707,1549.8591
0.76829249,1544.7888,0.6682927,1544.7888,0.83048749,1551.5493
0.76829249,1546.4789,0.6682927,1546.4789,0.82926804,1553.2395
0.76829249,1548.1691,0.66707313,1548.1691,0.82926804,1554.9296
0.76829249,1549.8591,0.66707313,1549.8591,0.82804847,1556.6198
,1551.5493,0.65243906,1551.5493,0.82682902,1558.3099
,1553.2395,0.65243906,1553.2395,0.82560945,1560.0001
0.76097542,1554.9296,0.64390254,1554.9296,0.82438993,1561.6902
0.76341444,1556.6198,0.64024401,1556.6198,0.82317048,1563.3804
0.76219499,1558.3099,0.63780493,1558.3099,0.82195091,1565.0706
0.76097542,1560.0001,0.63414639,1560.0001,0.8207314,1566.7606
0.76219499,1561.6902,0.63414639,1561.6902,0.81951195,1568.4507
0.76097542,1563.3804,0.63048786,1563.3804,0.81707293,1570.1409
,1565.0706,0.62560982,1565.0706,0.81707293,1571.8309
0.75731689,1566.7606,0.62317079,1566.7606,0.81463385,1573.5211
0.75487787,1568.4507,0.61829275,1568.4507,0.81219482,1575.2113
0.7524389,1570.1409,0.59024405,1570.1409,0.81219482,1576.9015
0.74999982,1571.8309,0.57560992,1571.8309,0.80975586,1578.5916
0.7475608,1573.5211,0.56951237,1573.5211,0.80975586,1580.2817
0.74512184,1575.2113,0.5512197,1575.2113,0.80853629,1581.9719
0.74268281,1576.9015,0.54756117,1576.9015,0.80853629,1583.662
0.74024373,1578.5916,0.5000003,1578.5916,0.80731684,1585.3522
0.73780471,1580.2817,0.49756128,1580.2817,0.80609733,1587.0424
0.72926819,1581.9719,0.49390274,1581.9719,0.80609733,1588.7324
0.72926819,1583.662,0.47073209,1583.662,0.80487776,1590.4225
0.72804868,1585.3522,0.45365891,1585.3522,0.80487776,1592.1127
0.72317064,1587.0424,0.36829323,1587.0424,0.80365831,1593.8029
,1588.7324,0.36829323,1588.7324,0.8024388,1595.4929
0.71707308,1590.4225,0.31951281,1590.4225,0.80121922,1597.1831
0.71463412,1592.1127,0.29634213,1592.1127,0.79999977,1598.8733
0.71219504,1593.8029,0.29024458,1593.8029,0.79999977,1600.5634
0.71097547,1595.4929,0.29024458,1595.4929,0.79999977,1602.2535
0.70365846,1597.1831,0.25243977,1597.1831,0.79756075,1603.9437
0.69999993,1598.8733,0.21585447,1598.8733,0.79634124,1605.6339
0.69878042,1600.5634,0.1939033,1600.5634,0.79390222,1607.324
0.69268286,1602.2535,0.18902525,1602.2535,0.79024369,1609.0142
0.68902433,1603.9437,0.17683016,1603.9437,0.78658515,1610.7042
0.68658531,1605.6339,0.13780583,1605.6339,0.78414613,1612.3943
0.68536586,1607.324,0.11707415,1607.324,0.7804876,1614.0845
0.68048775,1609.0142,0.11341563,1609.0142,0.77804857,1615.7747
0.68048775,1610.7042,0.10365956,1610.7042,0.77560961,1617.4647
0.67926824,1612.3943,0.10000102,1612.3943,0.77317053,1619.1549
0.67439026,1614.0845,0.093903467,1614.0845,0.77073151,1620.8451
0.6682927,1615.7747,0.087805919,1615.7747,0.76707298,1622.5353
0.66707313,1617.4647,0.086586408,1617.4647,0.76219499,1624.2253
0.66219515,1619.1549,0.075610816,1619.1549,0.75853646,1625.9155
0.64756101,1620.8451,0.065854743,1620.8451,0.75487787,1627.6057
0.60365862,1622.5353,0.060976699,1622.5353,0.7524389,1629.2958
0.59878057,1624.2253,0.057318166,1624.2253,0.74999982,1630.986
0.58536601,1625.9155,0.051220622,1625.9155,0.74878037,1632.676
0.54390264,1627.6057,0.047562089,1627.6057,0.74634135,1634.3662
0.54146361,1629.2958,0.042684048,1629.2958,0.73780471,1636.0563
0.49024421,1630.986,0.039025519,1630.986,0.73414618,1637.7465
0.49146375,1632.676,0.037806012,1632.676,0.72439009,1639.4366
0.48414665,1634.3662,0.030488949,1634.3662,0.7195121,1641.1267
0.48536617,1636.0563,0.03170846,1636.0563,0.71707308,1642.8169
0.39634192,1637.7465,0.02926944,1637.7465,0.71707308,1644.5071
0.35975665,1639.4366,0.02926944,1639.4366,0.71463412,1646.1971
0.35975665,1641.1267,0.02926944,1641.1267,0.71219504,1647.8873
0.32195184,1642.8169,0.02683042,1642.8169,0.71097547,1649.5775
0.28780556,1644.5071,0.025610909,1644.5071,0.70731699,1651.2677
0.23292761,1646.1971,0.025610909,1646.1971,0.70243895,1652.9578
0.23292761,1647.8873,0.019513361,1647.8873,0.67926824,1654.6478
0.20609838,1649.5775,0.017074341,1649.5775,0.6682927,1656.338
0.20487888,1651.2677,0.017074341,1651.2677,0.65975606,1658.0281
0.14024484,1652.9578,0.017074341,1652.9578,0.60975623,1659.7183
0.13780583,1654.6478,0.0048792399,1654.6478,0.60121965,1661.4084
0.12804975,1656.338,0.0048792399,1656.338,0.59878057,1663.0986
0.12439122,1658.0281,0.0048792399,1658.0281,0.55609775,1664.7887
0.12073269,1659.7183,0.0048792399,1659.7183,0.54756117,1666.4789
0.10853758,1661.4084,0.0048792399,1661.4084,0.5292685,1668.1691
0.10731807,1663.0986,0.0048792399,1663.0986,0.48536617,1669.8591
0.092683963,1664.7887,0.0048792399,1664.7887,0.47561008,1671.5493
0.08902543,1666.4789,0.0085377702,1666.4789,0.44878089,1673.2395
0.073171802,1668.1691,0.0085377702,1668.1691,0.38658589,1674.9296
0.068293765,1669.8591,0.0073182601,1669.8591,0.34512252,1676.6196
0.065854743,1671.5493,0.0073182601,1671.5493,0.31707379,1678.3098
0.058537677,1673.2395,0.0073182601,1673.2395,0.29512262,1680
0.056098662,1674.9296,0.0048792399,1674.9296,0.25975683,1681.6901
0.05365964,1676.6196,0.0048792399,1676.6196,0.23780565,1683.3802
0.0487816,1678.3098,0.0085377702,1678.3098,0.219513,1685.0704
0.04512307,1680,,1680,0.21341544,1686.7605
0.041464537,1681.6901,0.0085377702,1681.6901,0.18780574,1688.4507
0.040245034,1683.3802,0.0073182601,1683.3802,0.17926916,1690.1409
0.03536699,1685.0704,0.0073182601,1685.0704,0.14878142,1691.8309
0.03170846,1686.7605,0.0073182601,1686.7605,0.13658632,1693.5211
0.03170846,1688.4507,0.0073182601,1688.4507,0.12804975,1695.2113
0.030488949,1690.1409,0.0048792399,1690.1409,0.11829367,1696.9014
0.028049929,1691.8309,0.00609875,1691.8309,0.10609856,1698.5914
0.025610909,1693.5211,0.0048792399,1693.5211,0.098781511,1700.2816
0.02073287,1695.2113,0.0048792399,1695.2113,0.093903467,1701.9718
0.021952381,1696.9014,0.0048792399,1696.9014,0.082927875,1703.6619
0.019513361,1698.5914,0.0048792399,1698.5914,0.076830328,1705.3521
0.019513361,1700.2816,0.0048792399,1700.2816,0.073171802,1707.0422
0.017074341,1701.9718,,,0.067074254,1708.7324
0.019513361,1703.6619,,,0.063415721,1710.4225
0.01463532,1705.3521,,,0.058537677,1712.1127
0.01463532,1707.0422,,,0.054879151,1713.8029
0.01463532,1708.7324,,,0.051220622,1715.4929
0.01463532,1710.4225,,,0.046342578,1717.1831
0.01463532,1712.1127,,,0.041464537,1718.8732
0.01463532,1713.8029,,,0.037806012,1720.5632
0.01463532,1715.4929,,,0.036586501,1722.2534
0.01463532,1717.1831,,,0.034147479,1723.9436
0.01463532,1718.8732,,,0.03170846,1725.6338
0.01463532,1720.5632,,,0.03170846,1727.3239
0.01463532,1722.2534,,,0.02926944,1729.014
0.0048792399,1723.9436,,,0.025610909,1730.7042
0.0048792399,1725.6338,,,0.024391402,1732.3943
0.0048792399,1727.3239,,,0.021952381,1734.0845
0.0085377702,1729.014,,,0.02073287,1735.7747
0.0085377702,1730.7042,,,0.019513361,1737.4648
0.0048792399,1732.3943,,,0.01829385,1739.1549
0.0048792399,1734.0845,,,0.017074341,1740.845
0.0073182601,1735.7747,,,0.017074341,1742.5352
0.0048792399,1737.4648,,,0.01463532,1744.2252
0.0048792399,1739.1549,,,0.01341581,1745.9154
0.0048792399,1740.845,,,0.01341581,1747.6056
0.0048792399,1742.5352,,,0.01341581,1749.2957
0.0048792399,1744.2252,,,0.01341581,1750.9858
0.0048792399,1745.9154,,,0.01341581,1752.676
0.0048792399,1747.6056,,,0.01341581,1754.3662
0.0048792399,1749.2957,,,0.01341581,1756.0563
,,,,0.01341581,1757.7465
,,,,0.01341581,1759.4366
,,,,0.0121963,1761.1267
,,,,0.01097679,1762.8168
,,,,0.0097572794,1764.507
,,,,0.0097572794,1766.1971
,,,,0.0097572794,1767.8872
,,,,0.0073182601,1769.5774
,,,,0.0073182601,1771.2676
,,,,0.00609875,1772.9576
,,,,0.0048792399,1774.6478
,,,,0.0036597298,1776.338
,,,,0.0036597298,1778.0281
,,,,0.0036597298,1779.7183
,,,,0.0048792399,1781.4084
,,,,0.0036597298,1783.0986
,,,,0.0036597298,1784.7886
,,,,0.0036597298,1786.4788
,,,,0.0036597298,1788.1689
